feature,freeze_mean,freeze_std,freeze_median,background_mean,background_std,background_median,difference,cohens_d
agent_velocity,40.450806,34.51371,29.085602,112.87183,73.205696,85.21152,-72.42103,-1.2654649019241333
target_velocity,40.450806,34.51371,29.085602,112.87183,73.205696,85.21152,-72.42103,-1.2654649019241333
overall_velocity,40.249775,55.31131,16.165117,78.95722,32.63423,68.97809,-38.707447,-0.852378785610199
inter_mouse_distance,0.0,0.0,0.0,0.0,0.0,0.0,0.0,0.0
