{"train_losses": [0.9681152701377869, 0.918296377658844, 0.9179700088500976, 0.9174628973007202, 0.9171338486671448], "val_losses": [0.9178165197372437, 0.9185237288475037, 0.9200189113616943, 0.9184277951717377, 0.9207128882408142]}